{
  "inbounds": [
    {
      "port": "10180", 
      "listen": "127.0.0.1",
      "tag": "socks-inbound",
      "protocol": "socks",
      "settings": {
        "auth": "noauth",
        "udp": false,
        "ip": "127.0.0.1"
      }
    }
  ],
  "outbounds": [
    {
      "tag": "proxy",
      "protocol": "vless",
      "settings": {
        "vnext": [
          {
            "address": "visa.com", 
            "port": 443,
            "users": [
              {
                "id": "552b5df7-252d-4ecb-818d-8e079a1ce2ad",
                "encryption": "none"
              }
            ]
          }
        ]
      },
      "streamSettings": {
        "network": "ws",
        "security": "tls",
        "tlsSettings": {
          "allowInsecure": false,
          "serverName": "www.fast.speedtest.net.xn--j9h1028mqmaoytii00aha21hfjrd.al895.ip-ddns.com"
        },
        "wsSettings": {
          "path": "/",
          "headers": {
            "Host": "www.fast.speedtest.net.xn--j9h1028mqmaoytii00aha21hfjrd.al895.ip-ddns.com"
          }
        }
      }
    }
  ],
  "other": {}
}
